{
  "classes": [
    "weak",
    "medium",
    "strong"
  ],
  "priors": {
    "weak": 0.13521188728676278,
    "medium": 0.7420954742715437,
    "strong": 0.1226926384416935
  },
  "likelihoods": {
    "weak": {
      "upper=no": 0.08923842172481011,
      "sequence=no": 0.08978960811991665,
      "mix=triple": 9.410499428648249e-05,
      "year=no": 0.09001814882032667,
      "mix=single": 0.0003495328359212207,
      "keyboard=yes": 0.00021509712979767427,
      "repeat=no": 0.0876117496807152,
      "symbol=no": 0.08930563957787188,
      "len=long": 1.3443570612354642e-05,
      "symbol=yes": 0.0015997849028702024,
      "keyboard=no": 0.09069032735094441,
      "sequence=yes": 0.0011158163608254352,
      "common=yes": 0.00043019425959534854,
      "len=medium": 1.3443570612354642e-05,
      "year=yes": 0.0008872756604154064,
      "digit=yes": 0.08942663171338308,
      "lower=yes": 0.08888888888888889,
      "digit=no": 0.0014787927673590106,
      "mix=quad": 2.6887141224709283e-05,
      "upper=yes": 0.0016670027559319755,
      "len=short": 0.09089198091012973,
      "common=no": 0.09047523022114673,
      "lower=no": 0.002016535591853196,
      "mix=double": 0.09046178665053438,
      "repeat=yes": 0.003293674800026887
    },
    "medium": {
      "upper=no": 0.08932338047629663,
      "sequence=no": 0.0798425247004466,
      "mix=triple": 9.554350781864372e-05,
      "year=no": 0.08565108000911338,
      "mix=single": 2.4498335338113773e-06,
      "keyboard=yes": 0.002283244853512204,
      "repeat=no": 0.08764769433916965,
      "symbol=no": 0.08987704285493801,
      "len=long": 0.010355446347420692,
      "symbol=yes": 0.00103137991773459,
      "keyboard=no": 0.08862517791916039,
      "sequence=yes": 0.011065898072225992,
      "common=yes": 0.0005879600481147306,
      "len=medium": 0.0805529764252519,
      "year=yes": 0.005257342763559216,
      "digit=yes": 0.09022981888380685,
      "lower=yes": 0.08907349745584787,
      "digit=no": 0.0006786038888657516,
      "mix=quad": 7.349500601434133e-06,
      "upper=yes": 0.0015850422963759611,
      "len=short": 2.4498335338113773e-06,
      "common=no": 0.09032046272455786,
      "lower=no": 0.0018349253168247217,
      "mix=double": 0.09080797959778633,
      "repeat=yes": 0.0032607284335029437
    },
    "strong": {
      "upper=no": 0.0068741759137172405,
      "sequence=no": 0.0852308923095157,
      "mix=triple": 0.08588275381857509,
      "year=no": 0.08859390509489029,
      "mix=single": 1.4815034296804398e-05,
      "keyboard=yes": 0.0007555667491370243,
      "repeat=no": 0.08946799211840176,
      "symbol=no": 0.07866783211603134,
      "len=long": 0.09089023541089497,
      "symbol=yes": 0.012237218329160433,
      "keyboard=no": 0.09014948369605476,
      "sequence=yes": 0.005674158135676084,
      "common=yes": 0.00042963599460732753,
      "len=medium": 1.4815034296804398e-05,
      "year=yes": 0.002311145350301486,
      "digit=yes": 0.09075690010222373,
      "lower=yes": 0.09066800989644291,
      "digit=no": 0.00014815034296804396,
      "mix=quad": 0.005022296626616691,
      "upper=yes": 0.08403087453147454,
      "len=short": 1.4815034296804398e-05,
      "common=no": 0.09047541445058445,
      "lower=no": 0.00023704054874887037,
      "mix=double": 1.4815034296804398e-05,
      "repeat=yes": 0.0014370583267900264
    }
  },
  "vocabulary": [
    "common=no",
    "common=yes",
    "digit=no",
    "digit=yes",
    "keyboard=no",
    "keyboard=yes",
    "len=long",
    "len=medium",
    "len=short",
    "lower=no",
    "lower=yes",
    "mix=double",
    "mix=quad",
    "mix=single",
    "mix=triple",
    "repeat=no",
    "repeat=yes",
    "sequence=no",
    "sequence=yes",
    "symbol=no",
    "symbol=yes",
    "upper=no",
    "upper=yes",
    "year=no",
    "year=yes"
  ],
  "alpha": 1.0,
  "feature_version": "frontend_compatible_v1"
}